timestamp,label,confidence,yolo_confidence,prompt
2026-08-25T02:41:56.353+09:00,drink_container,0.513003,0.147812,travel mug
2026-08-25T02:42:02.372+09:00,drink_container,0.590518,0.686938,coffee mug
2026-08-25T02:42:03.252+09:00,drink_container,0.550137,0.134327,water bottle
2026-08-25T02:42:04.148+09:00,food_container,0.511206,0.171132,coffee mug
2026-08-25T02:42:05.128+09:00,drink_container,0.521053,0.302795,coffee mug
2026-08-25T02:42:06.059+09:00,drink_container,0.531436,0.355113,coffee mug
2026-08-25T02:42:06.985+09:00,drink_container,0.542313,0.176858,coffee mug
2026-08-25T02:42:07.828+09:00,drink_container,0.551373,0.095743,coffee mug
2026-08-25T02:42:08.660+09:00,drink_container,0.557656,0.331967,coffee mug
2026-08-25T02:42:19.254+09:00,drink_container,0.554210,0.268943,coffee mug
2026-08-25T02:42:20.089+09:00,drink_container,0.560076,0.046714,coffee mug
2026-08-25T02:42:20.914+09:00,drink_container,0.542114,0.026438,water bottle
2026-08-25T02:42:21.662+09:00,drink_container,0.552399,0.022333,drinking cup
2026-08-25T02:42:22.585+09:00,drink_container,0.568066,0.190966,coffee mug
2026-08-25T02:42:23.426+09:00,drink_container,0.567794,0.192180,drinking cup
2026-08-25T02:42:24.267+09:00,drink_container,0.569618,0.457334,drinking cup
2026-08-25T02:42:25.143+09:00,drink_container,0.584092,0.307624,coffee mug
2026-08-25T02:42:26.021+09:00,drink_container,0.567384,0.049635,coffee mug
2026-08-25T02:42:26.809+09:00,drink_container,0.564517,0.051098,coffee mug
2026-08-25T02:42:27.690+09:00,drink_container,0.601731,0.148109,drinking cup
2026-08-25T02:42:28.543+09:00,drink_container,0.547877,0.088563,drinking cup
2026-08-25T02:42:29.445+09:00,drink_container,0.586194,0.261512,coffee mug
2026-08-25T02:42:30.158+09:00,drink_container,0.559051,0.326953,coffee mug
2026-08-25T02:42:31.030+09:00,drink_container,0.567757,0.268183,water bottle
2026-08-25T02:42:31.798+09:00,drink_container,0.558060,0.466068,coffee mug
2026-08-25T02:42:32.670+09:00,drink_container,0.564405,0.473406,coffee mug
2026-08-25T02:42:33.468+09:00,drink_container,0.564658,0.453833,coffee mug
2026-08-25T02:42:34.203+09:00,drink_container,0.577445,0.456856,coffee mug
2026-08-25T02:42:34.952+09:00,drink_container,0.563869,0.073037,coffee mug
2026-08-25T02:42:35.729+09:00,drink_container,0.567131,0.023601,coffee mug
2026-08-25T02:42:36.515+09:00,drink_container,0.507212,0.179262,plastic box
2026-08-25T02:42:37.322+09:00,drink_container,0.583505,0.178115,drinking cup
2026-08-25T02:42:38.104+09:00,drink_container,0.533682,0.139660,drinking cup
2026-08-25T02:42:38.891+09:00,drink_container,0.570680,0.575061,coffee mug
2026-08-25T02:42:39.710+09:00,drink_container,0.587637,0.545008,coffee mug
2026-08-25T02:42:44.962+09:00,drink_container,0.549775,0.270100,water bottle
2026-08-25T02:42:45.735+09:00,drink_container,0.533384,0.713125,coffee mug
2026-08-25T02:42:46.600+09:00,drink_container,0.533053,0.669893,coffee mug
2026-08-25T02:42:47.372+09:00,drink_container,0.529166,0.669717,coffee mug
2026-08-25T02:42:48.236+09:00,drink_container,0.545001,0.326671,coffee mug
2026-08-25T02:42:49.590+09:00,drink_container,0.520462,0.073966,coffee mug
2026-08-25T02:42:50.418+09:00,drink_container,0.513510,0.064552,coffee mug
2026-08-25T02:42:52.879+09:00,drink_container,0.571901,0.304201,travel mug
2026-08-25T02:42:53.702+09:00,drink_container,0.547408,0.070387,coffee mug
2026-08-25T02:42:55.005+09:00,drink_container,0.506390,0.022303,plastic box
2026-08-25T02:42:55.797+09:00,drink_container,0.542179,0.367514,water bottle
2026-08-25T02:42:56.620+09:00,drink_container,0.568747,0.321182,water bottle
2026-08-25T02:42:57.379+09:00,drink_container,0.569041,0.312047,water bottle
2026-08-25T02:42:58.138+09:00,drink_container,0.575223,0.404732,water bottle
2026-08-25T02:42:58.939+09:00,drink_container,0.574481,0.405380,water bottle
2026-08-25T02:42:59.765+09:00,drink_container,0.568716,0.375485,water bottle
2026-08-25T02:43:00.547+09:00,drink_container,0.558838,0.345960,water bottle
2026-08-25T02:43:01.385+09:00,drink_container,0.560651,0.339950,water bottle
2026-08-25T02:43:02.199+09:00,drink_container,0.559135,0.287079,water bottle
2026-08-25T02:43:03.024+09:00,drink_container,0.546505,0.394473,coffee mug
2026-08-25T02:43:03.782+09:00,drink_container,0.546983,0.197493,water bottle
2026-08-25T02:43:04.662+09:00,drink_container,0.577761,0.257743,water bottle
2026-08-25T02:43:05.477+09:00,drink_container,0.575902,0.305430,water bottle
2026-08-25T02:43:06.267+09:00,drink_container,0.573085,0.241916,water bottle
2026-08-25T02:43:07.004+09:00,drink_container,0.571165,0.263060,water bottle
2026-08-25T02:43:07.828+09:00,drink_container,0.575751,0.306055,water bottle
2026-08-25T02:43:08.568+09:00,drink_container,0.575065,0.287649,water bottle
2026-08-25T02:43:09.919+09:00,drink_container,0.545805,0.594740,coffee mug
2026-08-25T02:43:10.774+09:00,drink_container,0.534852,0.140337,coffee mug
2026-08-25T02:43:11.723+09:00,drink_container,0.542326,0.134662,coffee mug
2026-08-25T02:43:12.986+09:00,drink_container,0.522180,0.185901,coffee mug
2026-08-25T02:43:13.831+09:00,drink_container,0.533242,0.233155,coffee mug
2026-08-25T02:43:14.525+09:00,drink_container,0.535211,0.212850,coffee mug
2026-08-25T02:43:15.388+09:00,drink_container,0.525792,0.268217,coffee mug
2026-08-25T02:43:16.203+09:00,drink_container,0.565080,0.248408,coffee mug
2026-08-25T02:43:16.971+09:00,drink_container,0.533673,0.152421,coffee mug
2026-08-25T02:43:17.670+09:00,drink_container,0.539557,0.148736,coffee mug
2026-08-25T02:43:18.499+09:00,drink_container,0.522357,0.131573,coffee mug
2026-08-25T02:43:19.880+09:00,drink_container,0.541250,0.150814,coffee mug
2026-08-25T02:43:20.618+09:00,drink_container,0.581509,0.233300,coffee mug
2026-08-25T02:43:35.883+09:00,drink_container,0.548337,0.202400,drinking cup
2026-08-25T02:43:36.757+09:00,drink_container,0.535489,0.093799,water bottle
2026-08-25T02:43:37.438+09:00,drink_container,0.547710,0.198992,drinking cup
2026-08-25T02:43:38.301+09:00,drink_container,0.539237,0.162276,drinking cup
2026-08-25T02:43:39.073+09:00,drink_container,0.530104,0.239696,drinking cup
2026-08-25T02:43:41.024+09:00,drink_container,0.526747,0.049342,drinking cup
2026-08-25T02:43:41.963+09:00,drink_container,0.540630,0.469407,coffee mug
2026-08-25T02:43:43.035+09:00,drink_container,0.554842,0.429157,coffee mug
2026-08-25T02:43:44.210+09:00,drink_container,0.531972,0.730775,travel mug
2026-08-25T02:43:44.987+09:00,drink_container,0.545926,0.578418,travel mug
2026-08-25T02:43:45.768+09:00,drink_container,0.544016,0.048589,drinking cup
2026-08-25T02:43:46.492+09:00,drink_container,0.568111,0.208871,coffee mug
2026-08-25T02:43:47.399+09:00,drink_container,0.562143,0.400230,travel mug
2026-08-25T02:43:48.202+09:00,drink_container,0.580591,0.227930,coffee mug
2026-08-25T02:43:48.975+09:00,drink_container,0.561816,0.685960,travel mug
2026-08-25T02:43:49.706+09:00,drink_container,0.535042,0.183388,water bottle
2026-08-25T02:43:50.558+09:00,drink_container,0.524453,0.197050,coffee mug
2026-08-25T02:43:51.339+09:00,drink_container,0.556616,0.359417,travel mug
2026-08-25T02:44:07.310+09:00,drink_container,0.576885,0.242817,water bottle
2026-08-25T02:44:08.152+09:00,drink_container,0.585273,0.135747,water bottle
2026-08-25T02:44:08.939+09:00,drink_container,0.578561,0.034545,water bottle
2026-08-25T02:44:09.795+09:00,drink_container,0.593720,0.045171,water bottle
2026-08-25T02:44:10.570+09:00,drink_container,0.538443,0.195825,coffee mug
2026-08-25T02:44:22.426+09:00,drink_container,0.532089,0.105412,coffee mug
2026-08-25T02:44:23.117+09:00,drink_container,0.557066,0.339213,coffee mug
2026-08-25T02:44:23.966+09:00,drink_container,0.538876,0.132987,drinking cup
2026-08-25T02:44:24.811+09:00,drink_container,0.527522,0.101706,coffee mug
2026-08-25T02:44:25.502+09:00,drink_container,0.549667,0.058502,coffee mug
2026-08-25T02:44:26.415+09:00,food_container,0.544811,0.035966,coffee mug
2026-08-25T02:44:27.199+09:00,drink_container,0.522182,0.022042,plastic box
2026-08-25T02:44:27.881+09:00,food_container,0.577078,0.157827,plastic box
2026-08-25T02:44:28.734+09:00,food_container,0.616840,0.115495,plastic box
2026-08-25T02:44:29.597+09:00,food_container,0.617598,0.095690,plastic box
2026-08-25T02:44:30.303+09:00,food_container,0.621049,0.105475,plastic box
2026-08-25T19:51:32.765+09:00,drink_container,0.430582,0.835746,coffee mug
2026-08-25T19:51:33.388+09:00,drink_container,0.399013,0.829994,coffee mug
2026-08-25T19:51:33.983+09:00,drink_container,0.405915,0.904005,coffee mug
2026-08-25T19:51:34.825+09:00,drink_container,0.393487,0.911357,coffee mug
2026-08-25T19:51:35.704+09:00,drink_container,0.403568,0.901246,coffee mug
2026-08-25T19:51:36.585+09:00,drink_container,0.452318,0.496683,drinking cup
2026-08-25T19:51:37.250+09:00,drink_container,0.452782,0.827388,drinking cup
2026-08-25T19:51:37.954+09:00,drink_container,0.445750,0.796470,drinking cup
2026-08-25T19:51:38.852+09:00,drink_container,0.441573,0.551751,drinking cup
2026-08-25T19:51:39.773+09:00,drink_container,0.430866,0.760686,drinking cup
2026-08-25T19:51:40.546+09:00,drink_container,0.450159,0.544882,drinking cup
2026-08-25T19:51:41.452+09:00,drink_container,0.441150,0.600196,drinking cup
2026-08-25T19:51:42.357+09:00,drink_container,0.441378,0.665412,coffee mug
2026-08-25T19:51:43.157+09:00,drink_container,0.453993,0.649497,drinking cup
2026-08-25T19:51:45.088+09:00,drink_container,0.377506,0.035226,plastic box
2026-08-25T19:51:45.910+09:00,drink_container,0.386942,0.039558,plastic box
2026-08-25T19:51:49.011+09:00,drink_container,0.381269,0.045612,coffee mug
2026-08-25T19:51:53.507+09:00,drink_container,0.388944,0.302966,travel mug
2026-08-25T19:52:02.843+09:00,food_container,0.358879,0.032174,plastic box
2026-08-25T19:52:03.681+09:00,food_container,0.367763,0.027131,plastic box
2026-08-25T19:52:09.535+09:00,drink_container,0.428855,0.342839,drinking cup
2026-08-25T19:52:10.226+09:00,drink_container,0.434194,0.401672,drinking cup
2026-08-25T19:52:11.209+09:00,drink_container,0.421461,0.621980,drinking cup
2026-08-25T19:52:12.126+09:00,drink_container,0.435641,0.472465,drinking cup
2026-08-25T19:52:12.839+09:00,drink_container,0.419583,0.341496,drinking cup
2026-08-25T19:52:13.524+09:00,drink_container,0.419347,0.285408,coffee mug
2026-08-25T19:52:14.404+09:00,drink_container,0.421993,0.129135,coffee mug
2026-08-25T19:52:15.150+09:00,drink_container,0.412909,0.298934,coffee mug
2026-08-25T19:52:16.039+09:00,drink_container,0.410875,0.340476,drinking cup
2026-08-25T19:52:16.743+09:00,drink_container,0.432706,0.467252,drinking cup
2026-08-25T19:52:17.665+09:00,drink_container,0.444396,0.569044,drinking cup
2026-08-25T19:52:18.458+09:00,drink_container,0.440093,0.591558,drinking cup
2026-08-25T19:52:19.298+09:00,drink_container,0.434785,0.633555,drinking cup
2026-08-25T19:52:20.017+09:00,drink_container,0.439828,0.558569,drinking cup
2026-08-25T19:52:20.902+09:00,drink_container,0.423784,0.503492,drinking cup
2026-08-25T19:52:21.730+09:00,drink_container,0.390261,0.287802,drinking cup
2026-08-25T19:52:22.669+09:00,food_container,0.375159,0.098779,coffee mug
2026-08-25T19:52:23.617+09:00,food_container,0.367511,0.078706,coffee mug
2026-08-25T19:52:24.532+09:00,food_container,0.367530,0.079096,coffee mug
2026-08-25T19:52:25.295+09:00,water_bottle,0.368036,0.045183,plastic box
2026-08-25T19:52:26.026+09:00,food_container,0.374179,0.094916,coffee mug
2026-08-25T19:52:26.994+09:00,drink_container,0.398338,0.383876,coffee mug
2026-08-25T19:52:34.345+09:00,food_container,0.350528,0.157663,coffee mug
2026-08-25T19:52:35.101+09:00,food_container,0.365289,0.149766,drinking cup
2026-08-25T19:52:36.355+09:00,drink_container,0.367963,0.216862,drinking cup
2026-08-25T19:52:39.902+09:00,drink_container,0.486483,0.577640,coffee mug
2026-08-25T19:52:40.774+09:00,drink_container,0.368943,0.153670,coffee mug
2026-08-25T19:52:41.626+09:00,drink_container,0.362618,0.020217,plastic box
2026-08-25T19:52:42.713+09:00,drink_container,0.444774,0.840297,coffee mug
2026-08-25T19:52:43.763+09:00,drink_container,0.443553,0.825723,coffee mug
2026-08-25T19:52:44.737+09:00,drink_container,0.450516,0.798194,coffee mug
2026-08-25T19:52:45.756+09:00,drink_container,0.456418,0.694487,coffee mug
2026-08-25T19:52:47.395+09:00,water_bottle,0.354554,0.033867,plastic box
